id_dato,id_sede,tipo_dato,valor
1,CALEG,twitter,https://twitter.com/ArgPortoAlegre
2,CALEG,facebook,https://www.facebook.com/ArgentinaEnPortoAlegre/
3,CALEG,instagram,https://www.instagram.com/argenportoalegre/
4,CALEG,sitio_web,https://caleg.cancilleria.gob.ar
5,CANTO,facebook,https://www.facebook.com/Consulado-de-la-Rep%C3%BAblica-Argentina-en-Antofagasta-255728465291743/
6,CANTO,instagram,https://www.instagram.com/consulargantofagasta/
7,CANTO,sitio_web,https://canto.cancilleria.gob.ar/
8,CAREN,facebook,https://www.facebook.com/profile.php?id=100014152878593
9,CAREN,sitio_web,https://caren.cancilleria.gob.ar/
10,CASUN,sitio_web,https://www.casun.mrecic.gov.ar
11,CATLA,instagram,https://instagram.com/ARGenAtlanta
12,CATLA,facebook,https://facebook.com/ARGenAtlanta
13,CATLA,otro,https://www.linkedin.com/company/ARGenAtlanta
14,CATLA,twitter,https://x.com/ARGenAtlanta
15,CATLA,sitio_web,https://www.catla.mrecic.gov.ar
16,CBARC,facebook,https://www.facebook.com/ArgEnBarcelona/
17,CBARC,twitter,https://twitter.com/argenbarcelona
18,CBARC,instagram,https://www.instagram.com/argenbarcelona/
19,CBARC,youtube,https://www.youtube.com/@consuladoargentinoenbarcel2664
20,CBARC,otro,https://www.linkedin.com/company/consulado-y-centro-de-promoci%C3%B3n-de-la-republica-argentina-en-barcelona
21,CBARC,sitio_web,https://cbarc.cancilleria.gob.ar/
22,CBEIJ,sitio_web,https://www.echin.cancilleria.gov.ar
23,CBELO,facebook,https://www.facebook.com/ArgentinaEnBeloHorizonte/
24,CBELO,twitter,https://twitter.com/consgralbelo
25,CBELO,instagram,https://www.instagram.com/consgralbelo/
26,CBONN,facebook,https://www.facebook.com/ConsuladoArgentinoenBonn
27,CBONN,instagram,https://www.instagram.com/argentinaenbonn
28,CBONN,sitio_web,https://cbonn.cancilleria.gob.ar
29,CCADI,facebook,https://www.facebook.com/ArgentinaEnCadiz
30,CCADI,sitio_web,https://ccadi.cancilleria.gob.ar/
31,CCEST,facebook,https://www.facebook.com/ArgEnCiudaddeleste/
32,CCEST,instagram,https://www.instagram.com/argenciudaddeleste
33,CCEST,sitio_web,https://ccest.cancilleria.gov.ar/
34,CCHIC,twitter,https://twitter.com/argenchicago
35,CCHIC,facebook,https://www.facebook.com/ArgentinaEnChicago
36,CCHIC,youtube,https://www.youtube.com/channel/UCjZ3a6zTr156aP_zg-1lQfQ/featured
37,CCHIC,sitio_web,https://cchic.cancilleria.gob.ar/
38,CCOCH,facebook,https://www.facebook.com/ArgentinaEnCochabamba/
39,CCOCH,sitio_web,https://ccoch.cancilleria.gob.ar
40,CCOLO,facebook,https://www.facebook.com/ArgentinaenColonia
41,CCOLO,sitio_web,https://ccolo.mrecic.gov.ar
42,CCONC,sitio_web,http://www.cconc.mrecic.gov.ar/
43,CCURI,facebook,https://www.facebook.com/ArgEnCuritiba/
44,CCURI,instagram,https://instagram.com/argEncuritiba
45,CCURI,twitter,https://twitter.com/ARGenCuri
46,CCURI,sitio_web,https://ccuri.cancilleria.gob.ar
47,CENCA,sitio_web,https://www.cenca.mrecic.gov.ar
48,CFBEN,sitio_web,https://cfben.cancilleria.gov.ar
49,CFDIG,twitter,https://twitter.com/argentinaenfoz
50,CFDIG,facebook,https://www.facebook.com/ArgentinaEnFozDeIguazu
51,CFDIG,instagram,https://www.instagram.com/argentinaenfoz/
52,CFDIG,sitio_web,https://cfdig.cancilleria.gob.ar
53,CFLOR,facebook,https://www.facebook.com/cflor.mrecic.gov.ar
54,CFLOR,sitio_web,https://cflor.mrecic.gov.ar
55,CFRAN,sitio_web,https://www.cfran.mrecic.gov.ar
56,CGEST,facebook,https://www.facebook.com/ArgentinaEnEstambul
57,CGEST,instagram,https://www.instagram.com/consuladoargentinoenestambul/
58,CGEST,sitio_web,https://cgest.cancilleria.gob.ar
59,CGMUM,instagram,https://www.instagram.com/argenmumbai/
60,CGMUM,sitio_web,https://cgmum.cancilleria.gob.ar/
61,CGPAZ,sitio_web,https://cgpaz.cancilleria.gob.ar
62,CGTEL,facebook,https://www.facebook.com/ArgentinaEnIsrael/
63,CGTEL,sitio_web,http://cgtel.mrecic.gob.ar
64,CGUAN,sitio_web,https://cguan.cancilleria.gob.ar
65,CGUAY,sitio_web,https://cguay.cancilleria.gob.ar
66,CGVAN,sitio_web,https://cgvan.cancilleria.gob.ar
67,CHAMB,instagram,https://www.instagram.com/consulado.argentino.hamburgo
68,CHAMB,facebook,https://www.facebook.com/ARGenHamburgo
69,CHAMB,sitio_web,https://chamb.cancilleria.gob.ar
70,CHONG,facebook,https://www.facebook.com/ArgEnHongKong
71,CHONG,instagram,https://www.instagram.com/consuladoargentinohongkong/
72,CHONG,sitio_web,https://chong.cancilleria.gob.ar
73,CHOUS,twitter,https://x.com/ARGENHOUSTON
74,CHOUS,facebook,https://www.facebook.com/ArgentinaEnHouston/
75,CHOUS,instagram,https://www.instagram.com/consuladoarghouston/
76,CHOUS,sitio_web,https://www.chous.mrecic.gov.ar
77,CJOHA,sitio_web,http://www.cjoha.mrecic.gob.ar
78,CLANG,facebook,https://www.facebook.com/ArgentinaEnLosAngeles/
79,CLANG,instagram,https://www.instagram.com/arg_clang/
80,CLANG,twitter,https://twitter.com/arg_clang
81,CLANG,sitio_web,https://clang.cancilleria.gob.ar
82,CLIMA,sitio_web,https://clima.cancilleria.gob.ar
83,CLOND,instagram,https://www.instagram.com/consuladoargentinoenlondres/
84,CLOND,sitio_web,https://www.clond.cancilleria.gob.ar
85,CMADR,facebook,https://www.facebook.com/ArgentinaEnMadridEsp/
86,CMADR,instagram,https://www.instagram.com/consuladoargentinoenmadrid?igsh=MW1wMHQzbzhqMGwwbw==
87,CMADR,sitio_web,https://cmadr.cancilleria.gob.ar
88,CMALD,facebook,https://www.facebook.com/pg/ConsuladoArgentinoenMaldonado/posts/?ref=page_internal
89,CMALD,instagram,https://www.instagram.com/consulado_argentino/
90,CMALD,sitio_web,https://cmald.cancilleria.gov.ar
91,CMALL,facebook,https://www.facebook.com/ArgentinaEnPalmaDeMallorca
92,CMALL,instagram,https://www.instagram.com/argentinaenpalmademallorca/
93,CMALL,sitio_web,https://cmall.mrecic.gov.ar
94,CMDEO,facebook,https://www.facebook.com/ArgentinaEnMontevideo/
95,CMDEO,instagram,https://www.instagram.com/consuladoargenmontevideo
96,CMDEO,sitio_web,https://cmdeo.mrecic.gov.ar
97,CMEXI,sitio_web,https://cmexi.cancilleria.gob.ar
98,CMIAM,facebook,https://es-la.facebook.com/consuladoargentino.miami/
99,CMIAM,instagram,https://instagram.com/consuladoargentinomia/
100,CMIAM,twitter,https://x.com/argenmiami/
101,CMIAM,sitio_web,https://www.cmiam.cancilleria.gov.ar
102,CMILA,instagram,https://www.instagram.com/argenmilano/
103,CMILA,youtube,https://www.youtube.com/channel/UCZdYeN4gttYEyX15xxkUNWQ
104,CMILA,sitio_web,https://cmila.cancilleria.gob.ar
105,CMREA,facebook,https://www.facebook.com/ArgentinaEnMontreal
106,CMREA,instagram,https://www.instagram.com/consuladoargenmontreal/
107,CMREA,youtube,https://www.youtube.com/@consuladodelarepublicadear8025
108,CMREA,sitio_web,https://cmrea.cancilleria.gob.ar
109,CNYOR,facebook,https://www.facebook.com/ARGenNewYork
110,CNYOR,twitter,https://twitter.com/ARGenNewYork
111,CNYOR,instagram,https://www.instagram.com/argennewyork/
112,CNYOR,youtube,https://www.youtube.com/@ARGenNewYork
113,CNYOR,otro,https://www.linkedin.com/company/argennewyork
114,CNYOR,sitio_web,https://cnyor.cancilleria.gob.ar
115,CPABL,otro,https://consuladoargentinosp@gmail.com
116,CPABL,sitio_web,https://www.cpabl.mrecic.gov.ar
117,CPAYS,sitio_web,https://www.cpays.mrecic.gov.ar
118,CPCAR,sitio_web,https://cpcar.cancilleria.gob.ar
119,CPMON,facebook,https://www.facebook.com/ArgentinaEnPuertoMontt/
120,CPMON,sitio_web,http://cpmon.mrecic.gov.ar/
121,CRECI,facebook,https://www.facebook.com/ArgentinaEnBrasilRecife
122,CRECI,instagram,https://www.instagram.com/consuladoargentinorecife
123,CRECI,sitio_web,https://creci.mrecic.gov.ar
124,CRIOJ,facebook,https://www.facebook.com/ArgentinaEnRiodeJaneiro/
125,CRIOJ,instagram,https://www.instagram.com/consuladoargentinoenrio/
126,CRIOJ,sitio_web,https://crioj.cancilleria.gov.ar
127,CROMA,sitio_web,https://www.croma.mrecic.gov.ar
128,CSBAH,instagram,https://www.instagram.com/argentinaensalvador
129,CSBAH,facebook,https://www.facebook.com/ArgentinaenSalvador
130,CSBAH,twitter,https://twitter.com/ArgentinaEnSSA
131,CSBAH,sitio_web,https://csbah.cancilleria.gob.ar
132,CSCRS,instagram,https://www.instagram.com/consuladoargentinoscz
133,CSCRS,facebook,https://www.facebook.com/profile.php?id=100069410160459&mibextid=ZbWKwL
134,CSCRS,sitio_web,https://cscrs.cancilleria.gob.ar/
135,CSHAN,sitio_web,https://www.cshan.mrecic.gov.ar
136,CSIDN,facebook,https://www.facebook.com/ArgentinaEnSidney/
137,CSIDN,instagram,https://www.instagram.com/argentinaensydney/
138,CSIDN,sitio_web,http://csidn.mrecic.gov.ar
139,CSIGO,twitter,https://www.x.com/ConsuladoCSIGO
140,CSIGO,sitio_web,https://www.csigo.mrecic.gov.ar
141,CSLTO,sitio_web,https://www.cslto.mrecic.gov.ar
142,CTARI,sitio_web,https://ctari.mrecic.gov.ar
143,CTENE,facebook,https://www.facebook.com/argentinaentenerife
144,CTENE,sitio_web,https://www.ctene.cancilleria.gov.ar
145,CTORO,facebook,https://www.facebook.com/ArgentinaEnToronto/
146,CTORO,instagram,https://www.instagram.com/consuladoargtoronto/
147,CTORO,sitio_web,https://www.ctoro.mrecic.gov.ar
148,CURUG,facebook,https://www.facebook.com/ArgEnUruguayana/
149,CURUG,twitter,https://twitter.com/CURUGoK
150,CURUG,instagram,https://instagram.com/consuladouruguayana
151,CURUG,sitio_web,https://Curug.Cancilleria.gov.ar
152,CVALP,facebook,https://www.facebook.com/ArgentinaEnValparaiso
153,CVALP,instagram,https://www.instagram.com/argenvalparaiso/
154,CVALP,sitio_web,https://cvalp.cancilleria.gob.ar
155,CVIGO,facebook,https://www.facebook.com/ArgentinaenVigo
156,CVIGO,instagram,https://www.instagram.com/argenvigo/
157,CVIGO,sitio_web,http://cvigo.cancilleria.gob.ar
158,CVILL,facebook,https://www.facebook.com/ConsuladoArgentinoenVillazon
159,CVILL,twitter,https://twitter.com/ArgentinaenVill
160,CVILL,sitio_web,https://cvill.cancilleria.gob.ar
161,CYACU,sitio_web,https://cyacu.cancilleria.gob.ar
162,DIGAC,sitio_web,https://cancilleria.gob.ar
163,EALEM,facebook,https://www.facebook.com/ArgEnAlemania/
164,EALEM,instagram,https://www.instagram.com/argindeu/
165,EALEM,sitio_web,https://ealem.cancilleria.gob.ar
166,EANGO,facebook,https://www.facebook.com/ArgentinaEnAngola/
167,EANGO,instagram,https://www.instagram.com/embargentinaenangola/
168,EANGO,sitio_web,https://eango.mrecic.gov.ar
169,EARAB,facebook,https://www.facebook.com/argentinaenarabiasaudita/
170,EARAB,twitter,https://twitter.com/ensaudita
171,EARAB,instagram,https://www.instagram.com/arginsaudi/
172,EARAB,sitio_web,http://earab.mrecic.gov.ar
173,EARGE,twitter,https://twitter.com/ARGenArgelia
174,EARGE,instagram,https://instagram.com/argenargelia
175,EARGE,facebook,https://facebook.com/ArgentinaEnArgelia
176,EARGE,sitio_web,https://earge.cancilleria.gob.ar/
177,EARME,instagram,https://www.instagram.com/arginarmenia/
178,EARME,facebook,https://www.facebook.com/ArgentinaEnArmenia
179,EARME,twitter,https://twitter.com/ARGinArmenia
180,EARME,sitio_web,https://earme.cancilleria.gob.ar
181,EASIR,facebook,https://www.facebook.com/Embajada-Argentina-en-Siria-112176794025495
182,EASIR,sitio_web,https://www.easir.cancilleria.gob.ar
183,EAUST,facebook,https://www.facebook.com/ArgentinaEnAustralia/
184,EAUST,twitter,https://twitter.com/ARGinAustralia
185,EAUST,sitio_web,http://eaust.mrecic.gov.ar
186,EAZER,facebook,https://www.facebook.com/EmbassyOfArgentina/
187,EAZER,instagram,https://www.instagram.com/embargentinaaz
188,EAZER,twitter,https://www.twitter.com/ARGEnAzer
189,EAZER,sitio_web,https://eazer.cancilleria.gob.ar
190,EBANG,otro,https://embajada.argentina.en.bangladesh
191,EBANG,otro,https://www.linkedin.com/showcase/argenbangladesh/
192,EBANG,sitio_web,https://ebang.cancilleria.gob.ar
193,EBARB,facebook,https://www.facebook.com/ArgentinaEnBarbados/
194,EBARB,sitio_web,https://ebarb.cancilleria.gob.ar
195,EBELG,facebook,https://www.facebook.com/ArgentinaEnBelgica/
196,EBELG,instagram,https://www.instagram.com/argenbelgica/
197,EBELG,sitio_web,http://ebelg.cancilleria.gob.ar
198,EBOLV,sitio_web,https://ebolv.mrecic.gov.ar
199,EBRAS,instagram,https://www.instagram.com/embaargenbrasil
200,EBRAS,twitter,https://twitter.com/ArgentinaEnBras
201,EBRAS,facebook,https://www.facebook.com/embargbrasil
202,EBRAS,sitio_web,https://ebras.cancilleria.gob.ar
203,EBULG,facebook,https://www.facebook.com/ArgentinaEnBulgaria/
204,EBULG,youtube,https://www.youtube.com/channel/UCK-uSxN84lEMqJwCviEjZow
205,EBULG,sitio_web,http://ebulg.mrecic.gov.ar
206,ECANA,facebook,https://www.facebook.com/ArgentinaInCanada
207,ECANA,youtube,https://www.youtube.com/channel/UC77DGXZ2ppExRtV4WS4IV-A
208,ECANA,twitter,https://twitter.com/ArginCanada
209,ECANA,instagram,https://www.instagram.com/argentinaincanada/
210,ECANA,otro,https://www.linkedin.com/company/argentinaincanada
211,ECANA,sitio_web,https://ecana.cancilleria.gob.ar/
212,ECEUR,facebook,https://www.facebook.com/ARGanteUE
213,ECEUR,otro,https://www.linkedin.com/company/arganteue
214,ECEUR,twitter,https://twitter.com/ARGanteUE
215,ECEUR,youtube,https://www.youtube.com/@ARGanteUE
216,ECEUR,instagram,https://www.instagram.com/arganteue/
217,ECEUR,sitio_web,https://eceur.cancilleria.gob.ar
218,ECHES,facebook,https://www.facebook.com/ArgentinaEnRepCheca/
219,ECHES,instagram,https://www.instagram.com/argentinaenpraga
220,ECHES,sitio_web,https://eches.cancilleria.gob.ar/
221,ECHIN,sitio_web,https://echin.cancilleria.gob.ar
222,ECOLO,facebook,https://www.facebook.com/ArgColombia/?ref=bookmarks
223,ECOLO,sitio_web,https://ecolo.cancilleria.gob.ar
224,ECORE,facebook,https://www.facebook.com/ArgentinaEnCorea/
225,ECORE,instagram,https://www.instagram.com/embajadaargentinaencorea1/?hl=es
226,ECORE,sitio_web,https://ecore.cancilleria.gob.ar/
227,ECUBA,facebook,https://www.facebook.com/ArgentinaEnCubaLaHabana/
228,ECUBA,instagram,https://www.instagram.com/argentinaencuba/
229,ECUBA,sitio_web,https://www.ecuba.mrecic.gov.ar
230,EDINA,facebook,https://www.facebook.com/EmbajadadeArgentinaenDinamarca/
231,EDINA,instagram,https://www.instagram.com/argentinaindenmark?igsh=dTI4cDN6NHFpYWM0
232,EDINA,otro,https://www.linkedin.com/company/embajada-de-la-rep-blica-argentina-en-dinamarca
233,EDINA,sitio_web,https://edina.mrecic.gov.ar/
234,EDOMI,facebook,https://es-la.facebook.com/ArgentinaEnRepublicaDominicana/
235,EDOMI,instagram,https://www.instagram.com/argentinaenrd/
236,EDOMI,sitio_web,https://edomi.cancilleria.gob.ar
237,EEARB,facebook,https://www.facebook.com/ArgentinaEnEmiratosArabesUnidos
238,EEARB,sitio_web,https://eearb.mrecic.gov.ar
239,EECUA,facebook,https://www.facebook.com/Argentina-en-Ecuador-772092829594964/?ref=bookmarks
240,EECUA,instagram,https://instagram.com/argentinaenecuador?igshid=1pzlw4ojakxjh
241,EECUA,youtube,https://www.youtube.com/channel/UC7FnoaJNif8jQLyBb4QDKng
242,EECUA,sitio_web,https://eecua.cancilleria.gob.ar
243,EEEUU,twitter,https://twitter.com/ARGinUSA
244,EEEUU,facebook,https://www.facebook.com/ARGinUSA/
245,EEEUU,instagram,https://www.instagram.com/ARGinUSA/
246,EEEUU,otro,https://www.flickr.com/photos/ARGinUSA/
247,EEEUU,youtube,https://www.youtube.com/ARGinUSA
248,EEEUU,otro,https://www.linkedin.com/in/ARGinUSA
249,EEEUU,sitio_web,https://eeeuu.cancilleria.gob.ar/
250,EEGIP,instagram,https://instagram.com/argenegipto/
251,EEGIP,twitter,https://twitter.com/ARGenEgipto
252,EEGIP,facebook,https://facebook.com/ArgentinaenEgipto
253,EEGIP,sitio_web,https://eegip.cancilleria.gob.ar
254,EEOEA,facebook,https://www.facebook.com/ARGenOEA/
255,EEOEA,instagram,https://www.instagram.com/argenoea/
256,EEOEA,twitter,https://www.twitter.com/ARGenOEA
257,EEOEA,youtube,https://www.youtube.com/channel/UCqjmCa0UfL3_I3Ovqz5ZAag/featured
258,EEOEA,sitio_web,https://www.eeoea.mrecic.gov.ar
259,EESPA,twitter,https://twitter.com/ARGenesp
260,EESPA,facebook,https://www.facebook.com/argenespa/
261,EESPA,instagram,https://www.instagram.com/argenespa/
262,EESPA,otro,https://www.linkedin.com/company/83543239/admin/dashboard/
263,EESPA,sitio_web,https://eespa.cancilleria.gob.ar/
264,EETIO,facebook,https://www.facebook.com/ArgEnEtiopia/
265,EETIO,instagram,https://www.instagram.com/embaargenetiopia/
266,EETIO,sitio_web,https://eetio.cancilleria.gob.ar/
267,EFILI,facebook,https://www.facebook.com/ArgentinaEnFilipinas
268,EFILI,instagram,https://www.instagram.com/argentinaenfilipinas/
269,EFILI,twitter,https://twitter.com/ArgentinaEnFili
270,EFILI,sitio_web,https://efili.cancilleria.gob.ar
271,EFINL,facebook,https://www.facebook.com/ArgentinaEnFinlandia/
272,EFINL,instagram,https://www.instagram.com/argenfinlandia/
273,EFINL,sitio_web,https://efinl.cancilleria.gob.ar
274,EFRAN,facebook,https://www.facebook.com/ArgentinaEnFrancia/
275,EFRAN,sitio_web,https://efran.mrecic.gov.ar
276,EFRUS,facebook,https://www.facebook.com/EMBAJADAARGENTINAENMOSCU
277,EFRUS,twitter,https://twitter.com/EmbArgRusia
278,EFRUS,sitio_web,https://efrus.cancilleria.gob.ar
279,EGREC,facebook,https://www.facebook.com/ArgentinaEnGrecia
280,EGREC,youtube,https://www.youtube.com/channel/UCFaKsErEs33zEdzJbnrzOog/featured
281,EGREC,sitio_web,https://egrec.cancilleria.gov.ar
282,EGUAT,twitter,https://x.com/ARGenGuatemala
283,EGUAT,facebook,https://www.facebook.com/emba.arge.7
284,EGUAT,instagram,https://www.instagram.com/argenguatemala/
285,EGUAT,sitio_web,http://eguat.cancilleria.gov.ar/
286,EGUYA,sitio_web,https://eguya.cancilleria.gov.ar
287,EHAIT,sitio_web,http://ehait.mrecic.gov.ar
288,EHILE,twitter,https://twitter.com/EmbArgEnChile
289,EHILE,facebook,https://www.facebook.com/EmbArgentinaEnChile
290,EHILE,instagram,https://www.instagram.com/embargenchile/
291,EHILE,sitio_web,https://ehile.cancilleria.gob.ar
292,EHOND,sitio_web,https://ehond.cancilleria.gob.ar
293,EINDI,twitter,https://twitter.com/ArgentinaEnInd
294,EINDI,facebook,https://www.facebook.com/ArgentinaEnInd
295,EINDI,instagram,https://www.instagram.com/argentinaenind/
296,EINDI,sitio_web,https://eindi.cancilleria.gob.ar/
297,EIRAN,sitio_web,https://www.eiran.mrecic.gob.ar
298,EIRLA,facebook,https://www.facebook.com/ArgentinaEnIrlanda/
299,EIRLA,instagram,https://www.instagram.com/embajadaargentinairlanda
300,EIRLA,sitio_web,https://eirla.cancilleria.gob.ar
301,EISIA,sitio_web,https://www.eisia.mrecic.gov.ar
302,EISRA,facebook,https://www.facebook.com/ArgEnIsrael
303,EISRA,twitter,https://twitter.com/argenisrael
304,EISRA,sitio_web,http://www.eisra.cancilleria.gov.ar/
305,EITAL,facebook,https://es-la.facebook.com/emb.roma/
306,EITAL,twitter,https://twitter.com/arginitalia?lang=es
307,EITAL,instagram,https://www.instagram.com/arginitalia/?hl=es
308,EITAL,sitio_web,https://eital.cancilleria.gob.ar
309,EJAMA,facebook,https://www.facebook.com/ArgentinaEnJamaica/
310,EJAMA,twitter,https://twitter.com/ARGenJamaica
311,EJAMA,sitio_web,https://www.ejama.mrecic.gov.ar
312,EJAPO,instagram,https://www.instagram.com/embajadaargentinaenjapon/
313,EJAPO,facebook,https://www.facebook.com/ArgJapon/?ref=bookmarks
314,EJAPO,twitter,https://www.twitter.com/ARGenJapon_
315,EJAPO,sitio_web,https://http:ejapo.mrecic.gov.ar
316,EKENY,facebook,https://www.facebook.com/ArgentinaEnKenia
317,EKENY,instagram,https://www.instagram.com/argenkenya/
318,EKENY,twitter,https://twitter.com/ArgenKenya
319,EKENY,sitio_web,https://ekeny.cancilleria.gob.ar/
320,EKUWA,facebook,https://www.facebook.com/ArgentinaenKuwait
321,EKUWA,sitio_web,https://ekuwa@mrecic.gov.ar
322,ELBIA,sitio_web,https://etune.cancilleria.gob.ar/es
323,ELBNO,facebook,https://www.facebook.com/ArgentinaEnLibano
324,ELBNO,instagram,https://www.instagram.com/argentinaenlibano/
325,ELBNO,sitio_web,https://www.elbno.mrecic.gov.ar
326,ELUCI,sitio_web,https://eluci.cancilleria.gob.ar
327,EMARR,instagram,https://www.instagram.com/argenmarruecos/
328,EMARR,twitter,https://twitter.com/ArgMarruecos
329,EMARR,sitio_web,https://emarr.cancilleria.gob.ar
330,EMEXI,twitter,https://twitter.com/@ARGenMexico
331,EMEXI,facebook,https://www.facebook.com/ARGenMexico/
332,EMEXI,instagram,https://www.instagram.com/embargenmexico/
333,EMEXI,youtube,https://www.youtube.com/user/EmbaArgenMX
334,EMEXI,sitio_web,https://www.emexi.cancilleria.gob.ar
335,EMFAO,sitio_web,https://emfao.cancilleria.gob.ar
336,EMOZA,facebook,https://www.facebook.com/ArgentinaEnMozambique/
337,EMOZA,sitio_web,https://emoza.cancilleria.gob.ar
338,EMSIA,facebook,https://www.facebook.com/ArgentinaEnMalasia
339,EMSIA,sitio_web,https://emsia.cancilleria.gob.ar
340,EMSUR,sitio_web,https://eurug.cancilleria.gov.ar
341,ENAUN,twitter,https://twitter.com/ArgentinaUN
342,ENAUN,sitio_web,https://enaun.mrecic.gov.ar
343,ENICA,sitio_web,https://enica.cancilleria.gob.ar
344,ENIGE,facebook,https://www.facebook.com/ArgentinaEnNigeria/
345,ENIGE,instagram,https://www.instagram.com/embargennigeria/?igshid=f0laoeu8lhv8
346,ENIGE,sitio_web,https://enige.cancilleria.gob.ar
347,ENORU,facebook,https://www.facebook.com/ArgentinaEnNoruega/
348,ENORU,instagram,https://www.instagram.com/arginnorway/
349,ENORU,twitter,https://x.com/arginnorway?lang=en
350,ENORU,otro,https://www.linkedin.com/company/embajada-de-la-rep%C3%BAblica-argentina-ante-el-reino-de-noruega-argentine-embassy-to-norway
351,ENORU,sitio_web,https://enoru.cancilleria.gob.ar/
352,ENZEL,facebook,https://www.facebook.com/ArgentinaenNuevaZelandia/
353,ENZEL,sitio_web,https://enzel.cancilleria.gob.ar
354,EOIRS,facebook,https://www.facebook.com/ArgentinaEnGinebra
355,EOIRS,instagram,https://www.instagram.com/mision.argentina/
356,EOIRS,twitter,https://twitter.com/ArgentinaONUOMC
357,EOIRS,youtube,https://www.youtube.com/channel/UCSOsChik8j7nFJZnPq6K7Ag
358,EOIRS,sitio_web,https://www.eoirs.cancilleria.gov.ar
359,EPAKI,instagram,https://www.instagram.com/argentinaenpakistan/
360,EPAKI,sitio_web,https://epaki.cancilleria.gob.ar
361,EPARA,twitter,https://twitter.com/argenparaguay_
362,EPARA,facebook,https://www.facebook.com/embajada.paraguay
363,EPARA,sitio_web,https://epara.cancilleria.gov.ar
364,EPBAJ,facebook,https://www.facebook.com/ArgEnPaisesBajos/
365,EPBAJ,twitter,https://twitter.com/ArgentinaEnPB
366,EPBAJ,instagram,https://www.instagram.com/argenpaisesbajos/
367,EPBAJ,sitio_web,https://www.epbaj.mrecic.gov.ar
368,EPERU,twitter,https://twitter.com/Emb_Arg_Peru
369,EPERU,facebook,https://www.facebook.com/ArgentinaEnPeru
370,EPERU,sitio_web,https://www.eperu.mrecic.gov.ar
371,EPNMA,sitio_web,https://www.epnma.cancilleria.gob.ar
372,EPOLO,facebook,https://www.facebook.com/profile.php?id=61560600343776
373,EPOLO,sitio_web,https://epolo.cancilleria.gob.ar
374,EPORT,sitio_web,https://eport.mrecic.gov.ar
375,EQATR,sitio_web,https://eqatr.mrecic.gov.ar
376,ERICA,facebook,https://www.facebook.com/argentinaencostarica/
377,ERICA,instagram,https://www.instagram.com/argencostarica/
378,ERICA,sitio_web,https://erica.cancilleria.gob.ar
379,ERUMA,facebook,https://www.facebook.com/ArgentinaEnRumania
380,ERUMA,sitio_web,https://eruma.cancilleria.gob.ar/
381,ERUNI,twitter,https://twitter.com/ARGinUK
382,ERUNI,facebook,https://www.facebook.com/ARGinUK/
383,ERUNI,otro,https://www.flickr.com/photos/138300767@N07/albums
384,ERUNI,instagram,https://www.instagram.com/arginuk/
385,ERUNI,youtube,https://www.youtube.com/channel/UCzaGU10f-77SR56kini9-1g/videos?view_as=subscriber
386,ERUNI,sitio_web,https://eruni.cancilleria.gob.ar
387,ESAFR,facebook,https://facebook.com/ArgenSudafrica
388,ESAFR,twitter,https://twitter.com/EmbArgentina
389,ESAFR,instagram,https://www.instagram.com/argentinaensudafrica
390,ESAFR,sitio_web,http://esafr.mrecic.gov.ar/
391,ESALV,twitter,https://twitter.com/ARGenElSalvador
392,ESALV,facebook,https://www.facebook.com/ArgentinaEnElSalvador/
393,ESALV,instagram,https://www.instagram.com/embargenelsalvador/
394,ESALV,sitio_web,https://esalv.cancilleria.gob.ar
395,ESENE,sitio_web,https://esene.cancilleria.gob.ar/
396,ESERB,sitio_web,https://eserb.cancilleria.gob.ar
397,ESING,twitter,https://twitter.com/ARGinSingapore
398,ESING,instagram,https://instagram.com/argentine_embassy_singapore?igshid=YmMyMTA2M2Y=
399,ESING,sitio_web,https://esing.cancilleria.gob.ar
400,ESSED,twitter,https://twitter.com/ArgSantaSede
401,ESSED,youtube,https://www.youtube.com/c/EmbajadaArgentinaantelaSantaSede
402,ESSED,facebook,https://www.facebook.com/ArgEnSantaSede
403,ESSED,instagram,https://www.instagram.com/argensantasede/
404,ESSED,sitio_web,https://essed.mrecic.gov.ar
405,ESUEC,otro,https://www.linkedin.com/company/argentinainsweden/
406,ESUEC,facebook,https://www.facebook.com/arginsweden/
407,ESUEC,instagram,https://www.instagram.com/arginsweden/
408,ESUEC,sitio_web,https://www.esuec.mrecic.gov.ar
409,ESUIZ,sitio_web,https://esuiz.cancilleria.gob.ar
410,ESURI,sitio_web,https://esuri.cancilleria.gob.ar
411,ETAIL,facebook,https://www.facebook.com/Embajada.Argentina.Tailandia/
412,ETAIL,sitio_web,https://etail.cancilleria.gob.ar
413,ETRIA,facebook,https://www.facebook.com/ArgentinaEnAustria/
414,ETRIA,twitter,https://twitter.com/ARGenViena
415,ETRIA,instagram,https://www.instagram.com/argenviena/
416,ETRIA,sitio_web,https://etria.cancilleria.gob.ar
417,ETRIN,facebook,https://www.facebook.com/ArgentinaEnTrinidadYTobago
418,ETRIN,sitio_web,https://www.etrin.mrecic.gov.ar
419,ETUNE,facebook,https://www.facebook.com/ArgEnTunez/
420,ETUNE,twitter,https://www.twitter.com/EmbajadaTunez
421,ETUNE,instagram,https://www.instagram.com/embargentinatn
422,ETUNE,youtube,https://www.youtube.com/channel/UC8kSZug1SPHrp3r1hGzhjtg
423,ETUNE,sitio_web,https://etune.cancilleria.gob.ar
424,ETURQ,sitio_web,https://eturq.cancilleria.gob.ar
425,EUCRA,facebook,https://www.facebook.com/ArgentinaEnUcrania
426,EUCRA,instagram,https://www.instagram.com/argenucrania/
427,EUCRA,sitio_web,https://eucra.cancilleria.gob.ar
428,EUNES,twitter,https://twitter.com/ArgentinaUNESCO
429,EUNES,facebook,https://www.facebook.com/delegation.argentine/
430,EUNES,sitio_web,https://www.eunes.mrecic.gov.ar
431,EUNGR,facebook,https://www.facebook.com/ArgentinaEnHungria
432,EUNGR,twitter,https://twitter.com/EmbArgHungria
433,EUNGR,instagram,https://www.instagram.com/argentinaenhungria/
434,EUNGR,sitio_web,https://eungr.cancilleria.gob.ar
435,EURUG,twitter,https://twitter.com/ArgentinaEnUru
436,EURUG,facebook,https://www.facebook.com/ArgentinaEnUru/
437,EURUG,instagram,https://www.instagram.com/argentinaenuru/
438,EURUG,sitio_web,https://eurug.mrecic.gov.ar
439,EVENE,twitter,https://twitter.com/argenvenezuela?lang=es
440,EVENE,facebook,https://www.facebook.com/EmbajadaArgentinaEnVenezuela
441,EVENE,instagram,https://www.instagram.com/argenvenezuela/
442,EVENE,sitio_web,http://www.evene.mrecic.gov.ar
443,EVIET,facebook,https://www.facebook.com/ArgentinaEnVietnam/
444,EVIET,instagram,https://www.instagram.com/argenvietnam/
445,EVIET,sitio_web,https://eviet.cancilleria.gob.ar
446,OCCAT,sitio_web,https://occat.mrecic.gob.ar
447,REPAL,facebook,https://www.facebook.com/ArgEnPalestina
448,REPAL,sitio_web,https://repal.mrecic.gov.ar
